{
    "name": "keyboard",
    "vendorId": "0x6D71",
    "productId": "0x1701",
    "lighting": "qmk_backlight_rgblight",
    "matrix": { "rows": 5, "cols": 15 },
    "layouts": {
      "keymap":[
        [
          {
            "y": 1.35,
            "x": 4.75
          },
          "0,3",
          {
            "x": 8.45
          },
          "0,12"
        ],
        [
          {
            "y": -0.95,
            "x": 1.55
          },
          "0,0"
        ],
        [
          {
            "y": -0.8999999999999999,
            "x": 2.75
          },
          "0,1",
          "0,2",
          {
            "x": 10.45
          },
          "0,13",
          {
            "w": 2
          },
          "0,14"
        ],
        [
          {
            "y": -0.1299999999999999,
            "x": 13.9
          },
          "1,11"
        ],
        [
          {
            "y": -0.9700000000000002,
            "x": 1.35
          },
          "1,0"
        ],
        [
          {
            "y": -0.8999999999999999,
            "x": 2.55,
            "w": 1.5
          },
          "1,1",
          "1,2",
          {
            "x": 9.849999999999998
          },
          "1,12",
          "1,13",
          {
            "w": 1.5
          },
          "1,14"
        ],
        [
          {
            "y": -0.10000000000000009,
            "x": 1.15
          },
          "2,0"
        ],
        [
          {
            "y": -0.8999999999999999,
            "x": 2.35,
            "w": 1.75
          },
          "2,1",
          "2,2",
          {
            "x": 9.25
          },
          "2,11",
          "2,12",
          {
            "w": 2.25
          },
          "2,14"
        ],
        [
          {
            "x": 2.15,
            "w": 2.25
          },
          "3,1",
          "3,2",
          {
            "x": 8.65
          },
          "3,11",
          "3,12",
          "3,13",
          {
            "w": 1.75
          },
          "3,14"
        ],
        [
          {
            "x": 2.15,
            "w": 1.25
          },
          "4,1",
          {
            "w": 1.25
          },
          "4,2",
          {
            "x": 10.4
          },
          "4,12",
          "4,13",
          "4,14"
        ],
        [
          {
            "r": 11,
            "y": -6.2,
            "x": 6.1
          },
          "0,4",
          "0,5",
          "0,6",
          "0,7"
        ],
        [
          {
            "x": 5.6
          },
          "1,3",
          "1,4",
          "1,5",
          "1,6"
        ],
        [
          {
            "x": 5.85
          },
          "2,3",
          "2,4",
          "2,5",
          "2,6"
        ],
        [
          {
            "x": 6.35
          },
          "3,3",
          "3,4",
          "3,5",
          "3,6"
        ],
        [
          {
            "x": 6.85,
            "w": 1.25
          },
          "4,4",
          {
            "w": 2
          },
          "4,5"
        ],
        [
          {
            "r": -11,
            "y": -1.2999999999999998,
            "x": 9.5
          },
          "0,8",
          "0,9",
          "0,10",
          "0,11"
        ],
        [
          {
            "x": 9
          },
          "1,7",
          "1,8",
          "1,9",
          "1,10"
        ],
        [
          {
            "x": 9.25
          },
          "2,7",
          "2,8",
          "2,9",
          "2,10"
        ],
        [
          {
            "x": 8.75
          },
          "3,7",
          "3,8",
          "3,9",
          "3,10"
        ],
        [
          {
            "x": 8.75,
            "w": 2.75
          },
          "4,8",
          {
            "w": 1.25
          },
          "4,10"
        ]
      ]
    }
  }
